Controllo coerenza canali — Sanchioli 11 (Magenta Stay) — TUTTO IN UN FOGLIO;;;;;;;;;;;;;;;;;;;;
CIN IT015130C2SMSD6MZG · CIR 015130-LNI-00583 · AvaiBook 408300 · Aggiornato 2026-10-09;;;;;;;;;;;;;;;;;;;;
;;;;;;;;;;;;;;;;;;;;
A) ISTRUZIONI;;;;;;;;;;;;;;;;;;;;
Scopo: AvaiBook è la guida prezzi. Gli altri siti devono avere tariffe coerenti e commissioni note, così sai il netto reale.;;;;;;;;;;;;;;;;;;;;
"1) Nella tabella CANALI compila ""Commissione host % (TUO contratto)"" da extranet/fatture. I % di riferimento sono tipici di mercato.";;;;;;;;;;;;;;;;;;;;
2) Nella tabella CHECK PREZZI PER DATE scegli 3–5 coppie di date, leggi il totale su ogni OTA e confronta con AvaiBook.;;;;;;;;;;;;;;;;;;;;
3) Nella tabella SCONTI / PROMO elenca ogni offerta e spunta dove deve esistere (AvaiBook / Airbnb set regole / Booking / HA / VRBO).;;;;;;;;;;;;;;;;;;;;
Regole sconti: Airbnb = solo LM/Early/Long stay via set regole AvaiBook. Booking/VRBO promo = solo sulle loro extranet. Rentalia+sito = offerte AvaiBook.;;;;;;;;;;;;;;;;;;;;
HousingAnywhere è mid-term mensile (non confrontabile 1:1 con €/notte turistico). 2000€/mese ≈ 66€/notte se /30.;;;;;;;;;;;;;;;;;;;;
"Prenotazione immediata: su VRBO Federica consiglia Instant Booking; allineare anche Airbnb/Rentalia/HomeToGo/AvaiBook se vuoi coerenza.";;;;;;;;;;;;;;;;;;;;
;;;;;;;;;;;;;;;;;;;;
B) CANALI — commissioni, prezzi, sconti, policy;;;;;;;;;;;;;;;;;;;;
Canale;Tipo;Link;ID;Guida AvaiBook €/notte;Prezzo sul canale;Unità;Delta vs AvaiBook;Comm. % riferimento;Comm. % TUO contratto;Fee pagamento;Netto ~su 100€;Sconti/promo;Dove gestisci sconti;Cancellazione;Prenotazione immediata;CIN/CIR;Sync AvaiBook;Note;Stato;Data
AvaiBook (guida prezzi);Hub / PMS + motore;https://app.avaibook.com/ (408300) · https://www.magentastay.it/strutture/sanchioli-11/;408300 / unit 493004;87.96;~87.96 (10–12 nov 2026: tot 175,92 / 2 notti);€/notte;— (riferimento);"Piano AvaiBook: spesso 1% + IVA; gateway 2–4%+IVA";;2%+IVA SEPA · 4%+IVA non-SEPA/AMEX;≈100 meno fee AvaiBook;Offerte LM/early/long stay;"AvaiBook Offerte; Airbnb set regole; Booking/VRBO sulle loro extranet";Policy AvaiBook alloggio;Da impostare: Accettazione immediata (se allinei a VRBO);CIN IT015130C2SMSD6MZG · CIR 015130-LNI-00583;Sì (origine);Fonte unica prezzi.;RIFERIMENTO;2026-10-09
Magenta Stay (sito);Diretto / API Owner;https://www.magentastay.it/strutture/sanchioli-11/;magentastay.it;87.96;Stesso prezzo AvaiBook via proxy;€/notte;0;0% OTA (+ fee AvaiBook se usi i loro pagamenti);;Come AvaiBook se online;≈90–100;Solo se create in AvaiBook;AvaiBook / sito;Come pratica AvaiBook;Segue opzioni AvaiBook;Sì in scheda;Sì (API);Canale più conveniente.;OK a campione;2026-10-09
Rentalia;OTA short-term;https://it.rentalia.com/1043251;1043251;87.96;da 83 €/notte (senza date);€/notte (da);≈ -5 € (verificare a date uguali);10% + IVA;;Anticipo AvaiBook / TPV;≈90 @10%;Offerte AvaiBook auto;AvaiBook → Offerte;Da annuncio/AvaiBook;Impostare in connessione AvaiBook: Accettazione immediata;CIR+CIN presenti;Sì;Inserzionista “michela” da verificare.;DA VERIFICARE date;2026-10-09
Booking.com;OTA short-term;https://www.booking.com/hotel/it/sanchioli.it.html;hotel/it/sanchioli.it;87.96;(compilare da extranet / anteprima);€/notte o totale;DA COMPILARE;"Base ~15%; Preferred ~18%; Pref+ ~23% — VEDI CONTRATTO";;Payments by Booking ~1–3%;≈85 @15%;Genius/promo SOLO su Booking;Extranet Booking;Policy su Booking (coerente AvaiBook);"Di solito già online; verificare in extranet";Verificare CIN;"Prezzi sì; promo NO";Compilare % Agreement.;DA COMPILARE;2026-10-09
Airbnb;OTA short-term;https://www.airbnb.it/rooms/1780316664494400682;1780316664494400682;87.96;(compilare con stesse date AvaiBook);€/notte (totale ospite);DA COMPILARE;Host-only tipico ~15,5%;;Di solito inclusa host-only;≈84,5 @15,5%;Solo LM/Early/Long via set regole;AvaiBook → Airbnb → Set di regole;Policy Airbnb;Attivare Prenotazione immediata in Airbnb;CIN presente;"Prezzi sì; offerte via set regole";Non duplicare promo su Airbnb.;DA COMPILARE prezzo;2026-10-09
HomeToGo;Meta / OTA;https://www.hometogo.it/rental/425c00291ea2ccb1;425c00291ea2ccb1;87.96;(aprire a mano e annotare);€/notte;DA COMPILARE;15% + IVA (host-only tipico);;Secondo modello HTG;≈85 @15%;Verificare sync da AvaiBook;AvaiBook se collegato;Da annuncio;Via connessione AvaiBook: Accettazione immediata;Verificare CIN;Dipende da CM;Confermare prezzo = AvaiBook.;DA COMPILARE;2026-10-09
VRBO / Expedia;OTA short-term (Expedia Group);(incolla link annuncio VRBO);;87.96;(compilare con date);€/notte;DA COMPILARE;Secondo contratto VRBO/Expedia (verificare);;Secondo modello pagamento;DA COMPILARE;Promo VRBO (~10%): early, LM, mobile, iscritti, nuova struttura — NON cumulabili;Direttamente su VRBO (come Booking);Federica: valutare 5 giorni flessibile;IMPOSTATA Prenotazione Immediata (2026-10-09) — non la variante “solo richieste anticipate”;Verificare CIN;Via AvaiBook XML se collegato;Mail Federica: promo 10% + Instant Book + cancel 5gg. Rispondere cosa attivato.;DA COMPILARE prezzo/promo;2026-10-09
HousingAnywhere;Mid-term / mensile;https://housinganywhere.com/it/room/ut1744431/it/Magenta/via-fratelli-sanchioli;ut1744431;87.96;2.000 €/mese (+ promo -15% vista);€/mese;Non 1:1 vs short-term;8% TCV + IVA (standard);;Tenant fee a inquilino;≈92% TCV;Promo -15% su HA;Solo HousingAnywhere;Rigida (<24h / dopo no rimborso);Flusso mid-term diverso (non Instant Book tipico);Verificare CIN;No;2000€/mese ≈66€/notte: sotto guida turistica. Decidere strategia.;DA ALLINEARE;2026-10-09
;;;;;;;;;;;;;;;;;;;;
C) CHECK PREZZI PER DATE (stesse date su tutti i canali);;;;;;;;;;;;;;;;;;;;
Check-in;Check-out;Ospiti;AvaiBook tot €;AvaiBook €/notte;Rentalia tot €;Booking tot €;Airbnb tot €;HomeToGo tot €;VRBO tot €;Allineati? S/N;Note / sconti periodo;Verificato il;;;;;;;;
2026-10-20;2026-10-22;2;175.92;87.96;;;;;;;Compilare OTA a parità di date;;;;;;;;;
2026-11-10;2026-11-12;2;175.92;87.96;;;;;;;Compilare OTA a parità di date;;;;;;;;;
2026-12-05;2026-12-07;2;259.26;129.63;;;;;;;Compilare OTA a parità di date;;;;;;;;;
;;;;;;;;;;;;;;;;;;;;
;;;;;;;;;;;;;;;;;;;;
;;;;;;;;;;;;;;;;;;;;
D) SCONTI / PROMO PER PERIODO (spunta dove deve esserci);;;;;;;;;;;;;;;;;;;;
Nome offerta;Tipo (LM / Early / Long / Genius / VRBO / altro);Canali dove deve esserci;Parametro (gg anticipo / min notti);% sconto;Validità da;Validità a;In AvaiBook? S/N;Set regole Airbnb? S/N;Booking extranet? S/N;VRBO? S/N;HousingAnywhere? S/N;Note;;;;;;;;
(es.) Early booking VRBO;Early / Prenotazione anticipata;VRBO;secondo VRBO;10%;;;N;N;N;S;N;Da mail Federica — non cumulabile con altre promo VRBO;;;;;;;;
;;;;;;;;;;;;;;;;;;;;
;;;;;;;;;;;;;;;;;;;;
;;;;;;;;;;;;;;;;;;;;
;;;;;;;;;;;;;;;;;;;;
;;;;;;;;;;;;;;;;;;;;
;;;;;;;;;;;;;;;;;;;;
E) CAMPIONI PREZZI AVAIBOOK GIÀ RILEVATI;;;;;;;;;;;;;;;;;;;;
10–12 nov 2026, 2 ospiti: totale 175,92 € → 87,96 €/notte;;;;;;;;;;;;;;;;;;;;
5–7 dic 2026, 2 ospiti: totale 259,26 € → 129,63 €/notte;;;;;;;;;;;;;;;;;;;;
Rentalia pubblica “da 83 €/notte” (senza date).;;;;;;;;;;;;;;;;;;;;
HousingAnywhere: 2.000 €/mese (~66 €/notte se /30) + promo -15%.;;;;;;;;;;;;;;;;;;;;
;;;;;;;;;;;;;;;;;;;;
